{"cameraMode":{"drawMode":0,"name":"Shaded","section":"Shading Mode"},"sceneLighting":false,"audioPlay":false,"sceneViewState":{"showFog":false,"showMaterialUpdate":false,"showSkybox":false,"showFlares":false,"showImageEffects":false,"showParticleSystems":false},"in2DMode":false,"pivot":{"x":20.459999084472658,"y":0.06445655971765518,"z":-10.020000457763672},"rotation":{"x":0.05873466283082962,"y":-0.9412615895271301,"z":0.2336551994085312,"w":0.23660540580749513},"size":1.2833861112594605,"orthographic":false}