{"cameraMode":{"drawMode":0,"name":"Shaded","section":"Shading Mode"},"sceneLighting":false,"audioPlay":false,"sceneViewState":{"showFog":false,"showMaterialUpdate":false,"showSkybox":false,"showFlares":false,"showImageEffects":false,"showParticleSystems":false},"in2DMode":false,"pivot":{"x":-3.2200000286102297,"y":2.4000000953674318,"z":4.439999580383301},"rotation":{"x":-0.005735465791076422,"y":-0.6754648685455322,"z":-0.005254951771348715,"w":0.73735111951828},"size":2.8578836917877199,"orthographic":false}