{"cameraMode":{"drawMode":0,"name":"Shaded","section":"Shading Mode"},"sceneLighting":false,"audioPlay":false,"sceneViewState":{"showFog":false,"showMaterialUpdate":false,"showSkybox":false,"showFlares":false,"showImageEffects":false,"showParticleSystems":false},"in2DMode":false,"pivot":{"x":-0.6501731872558594,"y":-0.4200582504272461,"z":-4.05462646484375},"rotation":{"x":-0.07168169319629669,"y":0.6557384729385376,"z":-0.06275971233844757,"w":-0.7489526867866516},"size":73.53054809570313,"orthographic":false}