{"cameraMode":{"drawMode":0,"name":"Shaded","section":"Shading Mode"},"sceneLighting":false,"audioPlay":false,"sceneViewState":{"showFog":false,"showMaterialUpdate":false,"showSkybox":false,"showFlares":false,"showImageEffects":false,"showParticleSystems":false},"in2DMode":false,"pivot":{"x":4.284999847412109,"y":2.867500066757202,"z":1.6160144805908204},"rotation":{"x":0.09842551499605179,"y":-0.8865735530853272,"z":0.3940242528915405,"w":0.22146038711071015},"size":21.534500122070314,"orthographic":false}