{"cameraMode":{"drawMode":0,"name":"Shaded","section":"Shading Mode"},"sceneLighting":false,"audioPlay":false,"sceneViewState":{"showFog":false,"showMaterialUpdate":false,"showSkybox":false,"showFlares":false,"showImageEffects":false,"showParticleSystems":false},"in2DMode":false,"pivot":{"x":-12.11740493774414,"y":-4.4845967292785648,"z":-10.642056465148926},"rotation":{"x":-0.13026466965675355,"y":0.7762300968170166,"z":-0.17057488858699799,"w":-0.5927918553352356},"size":5.001896381378174,"orthographic":false}