{"cameraMode":{"drawMode":0,"name":"Shaded","section":"Shading Mode"},"sceneLighting":false,"audioPlay":false,"sceneViewState":{"showFog":false,"showMaterialUpdate":false,"showSkybox":false,"showFlares":false,"showImageEffects":false,"showParticleSystems":false},"in2DMode":false,"pivot":{"x":-0.6479099988937378,"y":-4.88298225402832,"z":-8.699999809265137},"rotation":{"x":0.019441910088062288,"y":-0.9790997505187988,"z":0.16758641600608827,"w":0.11358030885457993},"size":3.0833683013916017,"orthographic":false}