{"cameraMode":{"drawMode":0,"name":"Shaded","section":"Shading Mode"},"sceneLighting":false,"audioPlay":false,"sceneViewState":{"showFog":false,"showMaterialUpdate":false,"showSkybox":false,"showFlares":false,"showImageEffects":false,"showParticleSystems":false},"in2DMode":false,"pivot":{"x":0.6286463141441345,"y":2.50472092628479,"z":-7.799154758453369},"rotation":{"x":-0.005735465791076422,"y":-0.6754648685455322,"z":-0.005254951771348715,"w":0.73735111951828},"size":2.8578848838806154,"orthographic":false}