{"cameraMode":{"drawMode":0,"name":"Shaded","section":"Shading Mode"},"sceneLighting":false,"audioPlay":false,"sceneViewState":{"showFog":false,"showMaterialUpdate":false,"showSkybox":false,"showFlares":false,"showImageEffects":false,"showParticleSystems":false},"in2DMode":false,"pivot":{"x":4.039226531982422,"y":3.3680176734924318,"z":6.615446090698242},"rotation":{"x":0.06911440193653107,"y":-0.8936010003089905,"z":0.4181995689868927,"w":0.14768058061599732},"size":35.59708786010742,"orthographic":false}