{"cameraMode":{"drawMode":0,"name":"Shaded","section":"Shading Mode"},"sceneLighting":false,"audioPlay":false,"sceneViewState":{"showFog":false,"showMaterialUpdate":false,"showSkybox":false,"showFlares":false,"showImageEffects":false,"showParticleSystems":false},"in2DMode":false,"pivot":{"x":2.369999885559082,"y":-0.4610021114349365,"z":0.0},"rotation":{"x":0.027570802718400956,"y":0.023124244064092637,"z":0.0006384580046869814,"w":-0.9993521571159363},"size":5.250217914581299,"orthographic":false}