{"cameraMode":{"drawMode":0,"name":"Shaded","section":"Shading Mode"},"sceneLighting":false,"audioPlay":false,"sceneViewState":{"showFog":false,"showMaterialUpdate":false,"showSkybox":false,"showFlares":false,"showImageEffects":false,"showParticleSystems":false},"in2DMode":false,"pivot":{"x":-0.00047403573989868164,"y":0.8600000143051148,"z":-0.08578397333621979},"rotation":{"x":0.2130161076784134,"y":0.03631462901830673,"z":-0.007922845892608166,"w":0.9763414859771729},"size":3.276860237121582,"orthographic":false}