{"cameraMode":{"drawMode":0,"name":"Shaded","section":"Shading Mode"},"sceneLighting":false,"audioPlay":false,"sceneViewState":{"showFog":false,"showMaterialUpdate":false,"showSkybox":false,"showFlares":false,"showImageEffects":false,"showParticleSystems":false},"in2DMode":false,"pivot":{"x":-1.8574999570846558,"y":1.4474999904632569,"z":2.4674997329711916},"rotation":{"x":0.06911440193653107,"y":-0.8936010003089905,"z":0.4181995689868927,"w":0.14768058061599732},"size":11.28383731842041,"orthographic":false}