{"cameraMode":{"drawMode":0,"name":"Shaded","section":"Shading Mode"},"sceneLighting":false,"audioPlay":false,"sceneViewState":{"showFog":false,"showMaterialUpdate":false,"showSkybox":false,"showFlares":false,"showImageEffects":false,"showParticleSystems":false},"in2DMode":false,"pivot":{"x":-5.570446968078613,"y":-5.793587684631348,"z":-4.29268741607666},"rotation":{"x":-0.02668173238635063,"y":0.39964503049850466,"z":-0.011638302356004715,"w":-0.9162076711654663},"size":8.872129440307618,"orthographic":false}