{"cameraMode":{"drawMode":0,"name":"Shaded","section":"Shading Mode"},"sceneLighting":false,"audioPlay":false,"sceneViewState":{"showFog":false,"showMaterialUpdate":false,"showSkybox":false,"showFlares":false,"showImageEffects":false,"showParticleSystems":false},"in2DMode":false,"pivot":{"x":0.0,"y":2.048353910446167,"z":-0.008342951536178589},"rotation":{"x":-0.04889310151338577,"y":0.0027115074917674066,"z":-0.00013282071449793875,"w":-0.9988003373146057},"size":9.617480278015137,"orthographic":false}