{"cameraMode":{"drawMode":0,"name":"Shaded","section":"Shading Mode"},"sceneLighting":false,"audioPlay":false,"sceneViewState":{"showFog":false,"showMaterialUpdate":false,"showSkybox":false,"showFlares":false,"showImageEffects":false,"showParticleSystems":false},"in2DMode":false,"pivot":{"x":-0.8573083877563477,"y":-5.338388442993164,"z":-8.596498489379883},"rotation":{"x":0.026310451328754426,"y":-0.8830862641334534,"z":0.0498770996928215,"w":0.46580979228019717},"size":1.1679679155349732,"orthographic":false}